{
  "ln": {
    "variant": "ln",
    "targets": [
      "pc",
      "mem_a",
      "mem_b",
      "delta",
      "branch_taken"
    ],
    "n_seeds": 3,
    "seeds": [
      0,
      1,
      2
    ],
    "probe_means": {
      "pc": {
        "0": {
          "mean": 1.0,
          "std": 0.0,
          "n": 3
        },
        "1": {
          "mean": 0.996101975440979,
          "std": 0.00029388634907624847,
          "n": 3
        },
        "2": {
          "mean": 0.9880382021268209,
          "std": 0.002891719109007857,
          "n": 3
        },
        "3": {
          "mean": 0.9730554819107056,
          "std": 0.009094017810225388,
          "n": 3
        },
        "4": {
          "mean": 0.8135632475217184,
          "std": 0.05848197655249933,
          "n": 3
        }
      },
      "mem_a": {
        "0": {
          "mean": 0.004775345325469971,
          "std": 0.0,
          "n": 3
        },
        "1": {
          "mean": 0.04470898707707723,
          "std": 0.007359672174201276,
          "n": 3
        },
        "2": {
          "mean": 0.04770702123641968,
          "std": 0.0031244476358325795,
          "n": 3
        },
        "3": {
          "mean": 0.04631161689758301,
          "std": 0.009359107854573945,
          "n": 3
        },
        "4": {
          "mean": 0.6493233442306519,
          "std": 0.07262169597117009,
          "n": 3
        }
      },
      "mem_b": {
        "0": {
          "mean": 0.0037056803703308105,
          "std": 0.0,
          "n": 3
        },
        "1": {
          "mean": 0.040078818798065186,
          "std": 0.00657277157889808,
          "n": 3
        },
        "2": {
          "mean": 0.037408034006754555,
          "std": 0.002187856765838175,
          "n": 3
        },
        "3": {
          "mean": 0.3511112928390503,
          "std": 0.43495610452529176,
          "n": 3
        },
        "4": {
          "mean": 0.6386265953381857,
          "std": 0.07930179458588633,
          "n": 3
        }
      },
      "delta": {
        "0": {
          "mean": 0.00041425228118896484,
          "std": 0.0,
          "n": 3
        },
        "1": {
          "mean": 0.05241314570109049,
          "std": 0.008259413700975365,
          "n": 3
        },
        "2": {
          "mean": 0.054832637310028076,
          "std": 0.008692487364359227,
          "n": 3
        },
        "3": {
          "mean": 0.20647305250167847,
          "std": 0.20391368682408886,
          "n": 3
        },
        "4": {
          "mean": 0.7571626504262289,
          "std": 0.1798231585292939,
          "n": 3
        }
      },
      "branch_taken": {
        "0": {
          "mean": 0.5090000033378601,
          "std": 0.0,
          "n": 3
        },
        "1": {
          "mean": 0.5663333535194397,
          "std": 0.006236089697418985,
          "n": 3
        },
        "2": {
          "mean": 0.5873333613077799,
          "std": 0.005312464306294834,
          "n": 3
        },
        "3": {
          "mean": 0.6383333603541056,
          "std": 0.07763303794545648,
          "n": 3
        },
        "4": {
          "mean": 0.968000054359436,
          "std": 0.03278211113326321,
          "n": 3
        }
      }
    }
  },
  "no_ln": {
    "variant": "no_ln",
    "targets": [
      "pc",
      "mem_a",
      "mem_b",
      "delta",
      "branch_taken"
    ],
    "n_seeds": 3,
    "seeds": [
      0,
      1,
      2
    ],
    "probe_means": {
      "pc": {
        "0": {
          "mean": 1.0,
          "std": 0.0,
          "n": 3
        },
        "1": {
          "mean": 0.9650177359580994,
          "std": 0.025107733118309866,
          "n": 3
        },
        "2": {
          "mean": 0.880046010017395,
          "std": 0.022770529135999282,
          "n": 3
        },
        "3": {
          "mean": 0.8816842635472616,
          "std": 0.03284184773811182,
          "n": 3
        },
        "4": {
          "mean": 0.902762234210968,
          "std": 0.033821774570526576,
          "n": 3
        }
      },
      "mem_a": {
        "0": {
          "mean": 0.004775345325469971,
          "std": 0.0,
          "n": 3
        },
        "1": {
          "mean": 0.03095322847366333,
          "std": 0.018507572769342097,
          "n": 3
        },
        "2": {
          "mean": 0.016008198261260986,
          "std": 0.003635281804555425,
          "n": 3
        },
        "3": {
          "mean": 0.014597733815511068,
          "std": 0.003716911173791904,
          "n": 3
        },
        "4": {
          "mean": 0.021606087684631348,
          "std": 0.009452689950932248,
          "n": 3
        }
      },
      "mem_b": {
        "0": {
          "mean": 0.0037056803703308105,
          "std": 0.0,
          "n": 3
        },
        "1": {
          "mean": 0.022308985392252605,
          "std": 0.009156828715808425,
          "n": 3
        },
        "2": {
          "mean": 0.00838629404703776,
          "std": 0.0024361029838537817,
          "n": 3
        },
        "3": {
          "mean": 0.007832268873850504,
          "std": 0.002394911541681511,
          "n": 3
        },
        "4": {
          "mean": 0.012094616889953613,
          "std": 0.0035268850411482255,
          "n": 3
        }
      },
      "delta": {
        "0": {
          "mean": 0.00041425228118896484,
          "std": 0.0,
          "n": 3
        },
        "1": {
          "mean": 0.009855568408966064,
          "std": 0.0033407467351300978,
          "n": 3
        },
        "2": {
          "mean": 0.010443568229675293,
          "std": 0.004935596074796349,
          "n": 3
        },
        "3": {
          "mean": 0.016756296157836914,
          "std": 0.005341202930490489,
          "n": 3
        },
        "4": {
          "mean": 0.026071091492970783,
          "std": 0.0044390840226002665,
          "n": 3
        }
      },
      "branch_taken": {
        "0": {
          "mean": 0.5090000033378601,
          "std": 0.0,
          "n": 3
        },
        "1": {
          "mean": 0.5493333538373312,
          "std": 0.01327487603717116,
          "n": 3
        },
        "2": {
          "mean": 0.5450000166893005,
          "std": 0.016753087969019597,
          "n": 3
        },
        "3": {
          "mean": 0.5563333431879679,
          "std": 0.013695099832792991,
          "n": 3
        },
        "4": {
          "mean": 0.5626666943232218,
          "std": 0.005249354267311244,
          "n": 3
        }
      }
    }
  }
}