{
  "variant": "ln",
  "targets": [
    "pc",
    "mem_a",
    "mem_b",
    "delta",
    "branch_taken"
  ],
  "n_seeds": 3,
  "seeds": [
    0,
    1,
    2
  ],
  "probe_means": {
    "pc": {
      "0": {
        "mean": 1.0,
        "std": 0.0,
        "n": 3
      },
      "1": {
        "mean": 0.996101975440979,
        "std": 0.00029388634907624847,
        "n": 3
      },
      "2": {
        "mean": 0.9880382021268209,
        "std": 0.002891719109007857,
        "n": 3
      },
      "3": {
        "mean": 0.9730554819107056,
        "std": 0.009094017810225388,
        "n": 3
      },
      "4": {
        "mean": 0.8135632475217184,
        "std": 0.05848197655249933,
        "n": 3
      }
    },
    "mem_a": {
      "0": {
        "mean": 0.004775345325469971,
        "std": 0.0,
        "n": 3
      },
      "1": {
        "mean": 0.04470898707707723,
        "std": 0.007359672174201276,
        "n": 3
      },
      "2": {
        "mean": 0.04770702123641968,
        "std": 0.0031244476358325795,
        "n": 3
      },
      "3": {
        "mean": 0.04631161689758301,
        "std": 0.009359107854573945,
        "n": 3
      },
      "4": {
        "mean": 0.6493233442306519,
        "std": 0.07262169597117009,
        "n": 3
      }
    },
    "mem_b": {
      "0": {
        "mean": 0.0037056803703308105,
        "std": 0.0,
        "n": 3
      },
      "1": {
        "mean": 0.040078818798065186,
        "std": 0.00657277157889808,
        "n": 3
      },
      "2": {
        "mean": 0.037408034006754555,
        "std": 0.002187856765838175,
        "n": 3
      },
      "3": {
        "mean": 0.3511112928390503,
        "std": 0.43495610452529176,
        "n": 3
      },
      "4": {
        "mean": 0.6386265953381857,
        "std": 0.07930179458588633,
        "n": 3
      }
    },
    "delta": {
      "0": {
        "mean": 0.00041425228118896484,
        "std": 0.0,
        "n": 3
      },
      "1": {
        "mean": 0.05241314570109049,
        "std": 0.008259413700975365,
        "n": 3
      },
      "2": {
        "mean": 0.054832637310028076,
        "std": 0.008692487364359227,
        "n": 3
      },
      "3": {
        "mean": 0.20647305250167847,
        "std": 0.20391368682408886,
        "n": 3
      },
      "4": {
        "mean": 0.7571626504262289,
        "std": 0.1798231585292939,
        "n": 3
      }
    },
    "branch_taken": {
      "0": {
        "mean": 0.5090000033378601,
        "std": 0.0,
        "n": 3
      },
      "1": {
        "mean": 0.5663333535194397,
        "std": 0.006236089697418985,
        "n": 3
      },
      "2": {
        "mean": 0.5873333613077799,
        "std": 0.005312464306294834,
        "n": 3
      },
      "3": {
        "mean": 0.6383333603541056,
        "std": 0.07763303794545648,
        "n": 3
      },
      "4": {
        "mean": 0.968000054359436,
        "std": 0.03278211113326321,
        "n": 3
      }
    }
  }
}