{
  "mem_a": {
    "layer_0": {
      "max": 0.14000000059604645,
      "argmax": 32,
      "mean": 0.03030303306877613
    },
    "layer_1": {
      "max": 0.13991679251194,
      "argmax": 32,
      "mean": 0.030581558123230934
    },
    "layer_2": {
      "max": 0.13981036841869354,
      "argmax": 32,
      "mean": 0.030624086037278175
    },
    "layer_3": {
      "max": 0.13960257172584534,
      "argmax": 32,
      "mean": 0.030491160228848457
    },
    "layer_4": {
      "max": 0.17249999940395355,
      "argmax": 0,
      "mean": 0.030303029343485832
    }
  },
  "mem_b": {
    "layer_0": {
      "max": 0.14000000059604645,
      "argmax": 27,
      "mean": 0.03030303120613098
    },
    "layer_1": {
      "max": 0.13993489742279053,
      "argmax": 27,
      "mean": 0.030509041622281075
    },
    "layer_2": {
      "max": 0.1395760029554367,
      "argmax": 32,
      "mean": 0.03062867745757103
    },
    "layer_3": {
      "max": 0.13088290393352509,
      "argmax": 32,
      "mean": 0.030765879899263382
    },
    "layer_4": {
      "max": 0.20749999582767487,
      "argmax": 0,
      "mean": 0.03030303120613098
    }
  },
  "branch": {
    "layer_0": {
      "max": 0.13500000536441803,
      "argmax": 30,
      "mean": 0.030303027480840683
    },
    "layer_1": {
      "max": 0.13493673503398895,
      "argmax": 30,
      "mean": 0.030598485842347145
    },
    "layer_2": {
      "max": 0.1349261999130249,
      "argmax": 30,
      "mean": 0.030765702947974205
    },
    "layer_3": {
      "max": 0.13700278103351593,
      "argmax": 0,
      "mean": 0.030903197824954987
    },
    "layer_4": {
      "max": 0.44749999046325684,
      "argmax": 0,
      "mean": 0.030303029343485832
    }
  },
  "_meta": {
    "n_seeds": 3,
    "seeds": [
      0,
      1,
      2
    ],
    "n_layers": 4,
    "pair_types": [
      "mem_a",
      "mem_b",
      "branch"
    ]
  }
}