{
  "iid_metrics": {
    "pc": {
      "0": 1.0,
      "1": 0.9975274205207825,
      "2": 0.996461033821106,
      "3": 0.9965110421180725,
      "4": 0.9954771399497986,
      "5": 0.9940990805625916,
      "6": 0.9928433895111084
    },
    "mem_a": {
      "0": 0.004775345325469971,
      "1": 0.051879167556762695,
      "2": 0.11497604846954346,
      "3": 0.9481785893440247,
      "4": 0.9630163311958313,
      "5": 0.9656937718391418,
      "6": 0.9544835090637207
    },
    "mem_b": {
      "0": 0.004890382289886475,
      "1": 0.06513172388076782,
      "2": 0.2602130174636841,
      "3": 0.9681574106216431,
      "4": 0.9704275131225586,
      "5": 0.9697948694229126,
      "6": 0.9620327353477478
    },
    "delta": {
      "0": 0.00041294097900390625,
      "1": 0.055638790130615234,
      "2": 0.13080286979675293,
      "3": 0.9535118341445923,
      "4": 0.9660542607307434,
      "5": 0.9681886434555054,
      "6": 0.9649444222450256
    },
    "branch_taken": {
      "0": 0.5090000033378601,
      "1": 0.5800000429153442,
      "2": 0.6100000143051147,
      "3": 0.940000057220459,
      "4": 0.9960000514984131,
      "5": 0.9980000257492065,
      "6": 1.0
    }
  },
  "heldout_metrics": {
    "fibonacci": {
      "pc": {
        "0": 1.0,
        "1": 0.9892860054969788,
        "2": 0.990039050579071,
        "3": 0.9895381927490234,
        "4": 0.987295389175415,
        "5": 0.9927601218223572,
        "6": 0.9952710270881653
      },
      "mem_a": {
        "0": -0.075111985206604,
        "1": -0.8504173755645752,
        "2": -0.07747983932495117,
        "3": 0.6141476631164551,
        "4": 0.7036747932434082,
        "5": 0.710284948348999,
        "6": 0.5564448833465576
      },
      "mem_b": {
        "0": -0.8803685903549194,
        "1": -2.6953542232513428,
        "2": -2.8315823078155518,
        "3": 0.04041779041290283,
        "4": 0.6800293922424316,
        "5": 0.511657178401947,
        "6": -0.2419891357421875
      },
      "delta": {
        "0": -0.059230804443359375,
        "1": -0.37131476402282715,
        "2": -0.41536152362823486,
        "3": 0.44041770696640015,
        "4": 0.717662513256073,
        "5": 0.5905076861381531,
        "6": 0.533378005027771
      },
      "branch_taken": {
        "0": 0.4129999876022339,
        "1": 0.6380000114440918,
        "2": 0.7250000238418579,
        "3": 0.949999988079071,
        "4": 1.0,
        "5": 1.0,
        "6": 1.0
      }
    },
    "countdown": {
      "pc": {
        "0": 1.0,
        "1": 0.9694094657897949,
        "2": 0.9870165586471558,
        "3": 0.9931883215904236,
        "4": 0.9924812912940979,
        "5": 0.9873126745223999,
        "6": 0.9858880043029785
      },
      "mem_a": {
        "0": -5.961079120635986,
        "1": -343.8607177734375,
        "2": -119.66983032226562,
        "3": -11.140008926391602,
        "4": -37.49302291870117,
        "5": -10.99648380279541,
        "6": -67.05536651611328
      },
      "mem_b": {
        "0": -0.08952248096466064,
        "1": 0.5041378736495972,
        "2": -1.9390993118286133,
        "3": 0.7040212154388428,
        "4": 0.8570470809936523,
        "5": 0.8052096366882324,
        "6": 0.6216117739677429
      },
      "delta": {
        "0": -0.21662425994873047,
        "1": -2.9338583946228027,
        "2": -7.427672386169434,
        "3": 0.1925000548362732,
        "4": -0.034937500953674316,
        "5": 0.15343838930130005,
        "6": -1.1936469078063965
      },
      "branch_taken": {
        "0": 0.5,
        "1": 1.0,
        "2": 1.0,
        "3": 1.0,
        "4": 1.0,
        "5": 1.0,
        "6": 1.0
      }
    },
    "multiply": {
      "pc": {
        "0": 1.0,
        "1": 0.9973184466362,
        "2": 0.9883167743682861,
        "3": 0.9909456372261047,
        "4": 0.9866807460784912,
        "5": 0.9895291328430176,
        "6": 0.9832156300544739
      },
      "mem_a": {
        "0": -0.6809828281402588,
        "1": -3.548603057861328,
        "2": -4.992440700531006,
        "3": -2.3874664306640625,
        "4": 0.42424529790878296,
        "5": 0.35909974575042725,
        "6": -0.48699188232421875
      },
      "mem_b": {
        "0": -0.16971373558044434,
        "1": -0.616077184677124,
        "2": -0.11246991157531738,
        "3": 0.5927510261535645,
        "4": 0.6694785952568054,
        "5": 0.7116432189941406,
        "6": 0.6463513374328613
      },
      "delta": {
        "0": -0.3007786273956299,
        "1": -0.8205479383468628,
        "2": -0.24502110481262207,
        "3": 0.5286523103713989,
        "4": 0.80190110206604,
        "5": 0.8038091659545898,
        "6": 0.6811888217926025
      },
      "branch_taken": {
        "0": 0.3100000023841858,
        "1": 0.6050000190734863,
        "2": 0.7519999742507935,
        "3": 0.9919999837875366,
        "4": 0.9919999837875366,
        "5": 1.0,
        "6": 1.0
      }
    },
    "addition": {
      "pc": {
        "0": 1.0,
        "1": 0.9944034218788147,
        "2": 0.994175374507904,
        "3": 0.9915018677711487,
        "4": 0.9732774496078491,
        "5": 0.9353225231170654,
        "6": 0.9542461037635803
      },
      "mem_a": {
        "0": -0.002974390983581543,
        "1": -0.001712203025817871,
        "2": -0.00751042366027832,
        "3": 0.6169705390930176,
        "4": 0.6729581356048584,
        "5": 0.7150821685791016,
        "6": 0.7110030651092529
      },
      "mem_b": {
        "0": -0.027341365814208984,
        "1": 0.012079715728759766,
        "2": 0.0016819238662719727,
        "3": 0.6767927408218384,
        "4": 0.7296590209007263,
        "5": 0.7049854397773743,
        "6": 0.6380630731582642
      },
      "delta": {
        "0": -0.0047910213470458984,
        "1": -0.000217437744140625,
        "2": -0.11494028568267822,
        "3": 0.6343604326248169,
        "4": 0.7160638570785522,
        "5": 0.7222913503646851,
        "6": 0.7265859246253967
      },
      "branch_taken": {
        "0": 0.675000011920929,
        "1": 0.675000011920929,
        "2": 0.675000011920929,
        "3": 0.8899999856948853,
        "4": 0.984000027179718,
        "5": 0.9959999918937683,
        "6": 0.9990000128746033
      }
    }
  },
  "n_train": 5000,
  "n_heldout": 1000,
  "ckpt": "/mimer/NOBACKUP/groups/naiss2025-5-243/andre/subleq-transformer/round2_trained/checkpoints/best_model.pt",
  "config": {
    "d_model": 256,
    "n_heads": 8,
    "n_layers": 6,
    "d_ff": 1024
  },
  "targets": [
    "pc",
    "mem_a",
    "mem_b",
    "delta",
    "branch_taken"
  ]
}