{
  "mem_a": {
    "layer_0": {
      "max": 0.03999999910593033,
      "argmax": 233,
      "mean": 0.0023980813566595316
    },
    "layer_1": {
      "max": 0.03999999910593033,
      "argmax": 233,
      "mean": 0.0023980813566595316
    },
    "layer_2": {
      "max": 0.5005294680595398,
      "argmax": 0,
      "mean": 0.0023980815894901752
    },
    "layer_3": {
      "max": 0.01998918503522873,
      "argmax": 233,
      "mean": 0.0023980815894901752
    },
    "layer_4": {
      "max": 0.01998918503522873,
      "argmax": 233,
      "mean": 0.0023980815894901752
    }
  },
  "mem_b": {
    "layer_0": {
      "max": 0.029999999329447746,
      "argmax": 290,
      "mean": 0.0023980815894901752
    },
    "layer_1": {
      "max": 0.029999999329447746,
      "argmax": 290,
      "mean": 0.0023980815894901752
    },
    "layer_2": {
      "max": 0.029991215094923973,
      "argmax": 290,
      "mean": 0.0023980813566595316
    },
    "layer_3": {
      "max": 0.029991215094923973,
      "argmax": 290,
      "mean": 0.0023980813566595316
    },
    "layer_4": {
      "max": 0.029991215094923973,
      "argmax": 290,
      "mean": 0.0023980813566595316
    }
  },
  "branch": {
    "layer_0": {
      "max": 0.019999999552965164,
      "argmax": 10,
      "mean": 0.0023980815894901752
    },
    "layer_1": {
      "max": 0.019999999552965164,
      "argmax": 10,
      "mean": 0.0023980815894901752
    },
    "layer_2": {
      "max": 0.06417152285575867,
      "argmax": 0,
      "mean": 0.0023980813566595316
    },
    "layer_3": {
      "max": 0.06417152285575867,
      "argmax": 0,
      "mean": 0.0023980813566595316
    },
    "layer_4": {
      "max": 0.06417152285575867,
      "argmax": 0,
      "mean": 0.0023980813566595316
    }
  }
}