{
  "variant": "no_ln",
  "targets": [
    "pc",
    "mem_a",
    "mem_b",
    "delta",
    "branch_taken"
  ],
  "n_seeds": 3,
  "seeds": [
    0,
    1,
    2
  ],
  "probe_means": {
    "pc": {
      "0": {
        "mean": 1.0,
        "std": 0.0,
        "n": 3
      },
      "1": {
        "mean": 0.9650177359580994,
        "std": 0.025107733118309866,
        "n": 3
      },
      "2": {
        "mean": 0.880046010017395,
        "std": 0.022770529135999282,
        "n": 3
      },
      "3": {
        "mean": 0.8816842635472616,
        "std": 0.03284184773811182,
        "n": 3
      },
      "4": {
        "mean": 0.902762234210968,
        "std": 0.033821774570526576,
        "n": 3
      }
    },
    "mem_a": {
      "0": {
        "mean": 0.004775345325469971,
        "std": 0.0,
        "n": 3
      },
      "1": {
        "mean": 0.03095322847366333,
        "std": 0.018507572769342097,
        "n": 3
      },
      "2": {
        "mean": 0.016008198261260986,
        "std": 0.003635281804555425,
        "n": 3
      },
      "3": {
        "mean": 0.014597733815511068,
        "std": 0.003716911173791904,
        "n": 3
      },
      "4": {
        "mean": 0.021606087684631348,
        "std": 0.009452689950932248,
        "n": 3
      }
    },
    "mem_b": {
      "0": {
        "mean": 0.0037056803703308105,
        "std": 0.0,
        "n": 3
      },
      "1": {
        "mean": 0.022308985392252605,
        "std": 0.009156828715808425,
        "n": 3
      },
      "2": {
        "mean": 0.00838629404703776,
        "std": 0.0024361029838537817,
        "n": 3
      },
      "3": {
        "mean": 0.007832268873850504,
        "std": 0.002394911541681511,
        "n": 3
      },
      "4": {
        "mean": 0.012094616889953613,
        "std": 0.0035268850411482255,
        "n": 3
      }
    },
    "delta": {
      "0": {
        "mean": 0.00041425228118896484,
        "std": 0.0,
        "n": 3
      },
      "1": {
        "mean": 0.009855568408966064,
        "std": 0.0033407467351300978,
        "n": 3
      },
      "2": {
        "mean": 0.010443568229675293,
        "std": 0.004935596074796349,
        "n": 3
      },
      "3": {
        "mean": 0.016756296157836914,
        "std": 0.005341202930490489,
        "n": 3
      },
      "4": {
        "mean": 0.026071091492970783,
        "std": 0.0044390840226002665,
        "n": 3
      }
    },
    "branch_taken": {
      "0": {
        "mean": 0.5090000033378601,
        "std": 0.0,
        "n": 3
      },
      "1": {
        "mean": 0.5493333538373312,
        "std": 0.01327487603717116,
        "n": 3
      },
      "2": {
        "mean": 0.5450000166893005,
        "std": 0.016753087969019597,
        "n": 3
      },
      "3": {
        "mean": 0.5563333431879679,
        "std": 0.013695099832792991,
        "n": 3
      },
      "4": {
        "mean": 0.5626666943232218,
        "std": 0.005249354267311244,
        "n": 3
      }
    }
  }
}