{
  "constrained_ln": {
    "mem_a": {
      "layer_0": {
        "max": 0.14000000059604645,
        "argmax": 32,
        "mean": 0.03030303306877613
      },
      "layer_1": {
        "max": 0.1401289403438568,
        "argmax": 32,
        "mean": 0.03054725006222725
      },
      "layer_2": {
        "max": 0.14030171930789948,
        "argmax": 32,
        "mean": 0.030627300962805748
      },
      "layer_3": {
        "max": 0.1399797946214676,
        "argmax": 32,
        "mean": 0.030546069145202637
      },
      "layer_4": {
        "max": 0.17249999940395355,
        "argmax": 0,
        "mean": 0.030303029343485832
      },
      "peak_layer": 4,
      "peak_max": 0.17249999940395355
    },
    "mem_b": {
      "layer_0": {
        "max": 0.14000000059604645,
        "argmax": 27,
        "mean": 0.03030303120613098
      },
      "layer_1": {
        "max": 0.1403215527534485,
        "argmax": 32,
        "mean": 0.030498482286930084
      },
      "layer_2": {
        "max": 0.1398969441652298,
        "argmax": 32,
        "mean": 0.03060319647192955
      },
      "layer_3": {
        "max": 0.14023640751838684,
        "argmax": 32,
        "mean": 0.03057643584907055
      },
      "layer_4": {
        "max": 0.20749999582767487,
        "argmax": 0,
        "mean": 0.03030303120613098
      },
      "peak_layer": 4,
      "peak_max": 0.20749999582767487
    },
    "branch": {
      "layer_0": {
        "max": 0.13500000536441803,
        "argmax": 30,
        "mean": 0.030303027480840683
      },
      "layer_1": {
        "max": 0.1350707858800888,
        "argmax": 30,
        "mean": 0.0304990466684103
      },
      "layer_2": {
        "max": 0.13511165976524353,
        "argmax": 30,
        "mean": 0.030670220032334328
      },
      "layer_3": {
        "max": 0.13533225655555725,
        "argmax": 30,
        "mean": 0.030588723719120026
      },
      "layer_4": {
        "max": 0.44749999046325684,
        "argmax": 0,
        "mean": 0.030303029343485832
      },
      "peak_layer": 4,
      "peak_max": 0.44749999046325684
    },
    "_meta": {
      "ckpt": "/mimer/NOBACKUP/groups/naiss2025-5-243/andre/subleq-transformer/experiments/checkpoints/constrained_ln_seed0/best_model.pt",
      "d_model": 32,
      "n_layers": 4,
      "seed": 0
    }
  },
  "scaled_d32": {
    "mem_a": {
      "layer_0": {
        "max": 0.13500000536441803,
        "argmax": 32,
        "mean": 0.030151518061757088
      },
      "layer_1": {
        "max": 0.11021380126476288,
        "argmax": 32,
        "mean": 0.04201408848166466
      },
      "layer_2": {
        "max": 0.11099981516599655,
        "argmax": 28,
        "mean": 0.046796951442956924
      },
      "layer_3": {
        "max": 0.14038945734500885,
        "argmax": 32,
        "mean": 0.050782009959220886
      },
      "layer_4": {
        "max": 0.14824651181697845,
        "argmax": 32,
        "mean": 0.049817878752946854
      },
      "layer_5": {
        "max": 0.15515704452991486,
        "argmax": 32,
        "mean": 0.04095454886555672
      },
      "layer_6": {
        "max": 0.1574999988079071,
        "argmax": 0,
        "mean": 0.03015151433646679
      },
      "peak_layer": 6,
      "peak_max": 0.1574999988079071
    },
    "mem_b": {
      "layer_0": {
        "max": 0.14000000059604645,
        "argmax": 27,
        "mean": 0.03030303120613098
      },
      "layer_1": {
        "max": 0.12270300835371017,
        "argmax": 27,
        "mean": 0.03460968658328056
      },
      "layer_2": {
        "max": 0.12404946982860565,
        "argmax": 27,
        "mean": 0.03613817319273949
      },
      "layer_3": {
        "max": 0.12912434339523315,
        "argmax": 27,
        "mean": 0.037067677825689316
      },
      "layer_4": {
        "max": 0.13212670385837555,
        "argmax": 32,
        "mean": 0.037305016070604324
      },
      "layer_5": {
        "max": 0.1546706259250641,
        "argmax": 0,
        "mean": 0.03503577038645744
      },
      "layer_6": {
        "max": 0.19750000536441803,
        "argmax": 0,
        "mean": 0.03030303120613098
      },
      "peak_layer": 6,
      "peak_max": 0.19750000536441803
    },
    "branch": {
      "layer_0": {
        "max": 0.13500000536441803,
        "argmax": 30,
        "mean": 0.030303027480840683
      },
      "layer_1": {
        "max": 0.11678048223257065,
        "argmax": 30,
        "mean": 0.035507023334503174
      },
      "layer_2": {
        "max": 0.11535283178091049,
        "argmax": 30,
        "mean": 0.03791216388344765
      },
      "layer_3": {
        "max": 0.13800348341464996,
        "argmax": 0,
        "mean": 0.03902844339609146
      },
      "layer_4": {
        "max": 0.1816445291042328,
        "argmax": 0,
        "mean": 0.03917834162712097
      },
      "layer_5": {
        "max": 0.32382798194885254,
        "argmax": 0,
        "mean": 0.0362444631755352
      },
      "layer_6": {
        "max": 0.41999998688697815,
        "argmax": 0,
        "mean": 0.030303029343485832
      },
      "peak_layer": 6,
      "peak_max": 0.41999998688697815
    },
    "_meta": {
      "ckpt": "/mimer/NOBACKUP/groups/naiss2025-5-243/andre/subleq-transformer/experiments/checkpoints/scaled_d32_seed0/best_model.pt",
      "d_model": 32,
      "n_layers": 6,
      "seed": 0
    }
  },
  "scaled_d64": {
    "mem_a": {
      "layer_0": {
        "max": 0.14000000059604645,
        "argmax": 32,
        "mean": 0.03030303306877613
      },
      "layer_1": {
        "max": 0.1400594562292099,
        "argmax": 32,
        "mean": 0.03037031926214695
      },
      "layer_2": {
        "max": 0.053311921656131744,
        "argmax": 24,
        "mean": 0.022702956572175026
      },
      "layer_3": {
        "max": 0.06904380023479462,
        "argmax": 32,
        "mean": 0.026324069127440453
      },
      "layer_4": {
        "max": 0.10486425459384918,
        "argmax": 32,
        "mean": 0.029212908819317818
      },
      "layer_5": {
        "max": 0.13788415491580963,
        "argmax": 32,
        "mean": 0.031469523906707764
      },
      "layer_6": {
        "max": 0.17249999940395355,
        "argmax": 0,
        "mean": 0.030303029343485832
      },
      "peak_layer": 6,
      "peak_max": 0.17249999940395355
    },
    "mem_b": {
      "layer_0": {
        "max": 0.14000000059604645,
        "argmax": 27,
        "mean": 0.03030303120613098
      },
      "layer_1": {
        "max": 0.1399921029806137,
        "argmax": 32,
        "mean": 0.030370919033885002
      },
      "layer_2": {
        "max": 0.13983269035816193,
        "argmax": 32,
        "mean": 0.03038274496793747
      },
      "layer_3": {
        "max": 0.1400265246629715,
        "argmax": 32,
        "mean": 0.03049386292695999
      },
      "layer_4": {
        "max": 0.13855642080307007,
        "argmax": 27,
        "mean": 0.03095432184636593
      },
      "layer_5": {
        "max": 0.1326437145471573,
        "argmax": 27,
        "mean": 0.031689032912254333
      },
      "layer_6": {
        "max": 0.20749999582767487,
        "argmax": 0,
        "mean": 0.03030303120613098
      },
      "peak_layer": 6,
      "peak_max": 0.20749999582767487
    },
    "branch": {
      "layer_0": {
        "max": 0.13500000536441803,
        "argmax": 30,
        "mean": 0.030303027480840683
      },
      "layer_1": {
        "max": 0.13502511382102966,
        "argmax": 30,
        "mean": 0.030319586396217346
      },
      "layer_2": {
        "max": 0.1347338855266571,
        "argmax": 30,
        "mean": 0.03036748245358467
      },
      "layer_3": {
        "max": 0.13492941856384277,
        "argmax": 30,
        "mean": 0.03041643090546131
      },
      "layer_4": {
        "max": 0.129646897315979,
        "argmax": 30,
        "mean": 0.03133314847946167
      },
      "layer_5": {
        "max": 0.2072954624891281,
        "argmax": 0,