{
  "0": {
    "mem_a": {
      "layer_0": {
        "max": 0.12999999523162842,
        "argmax": 31,
        "mean": 0.030303029343485832
      },
      "layer_1": {
        "max": 0.13002434372901917,
        "argmax": 31,
        "mean": 0.030292145907878876
      },
      "layer_2": {
        "max": 0.10576925426721573,
        "argmax": 31,
        "mean": 0.029240163043141365
      },
      "layer_3": {
        "max": 0.05852314457297325,
        "argmax": 27,
        "mean": 0.025803744792938232
      },
      "layer_4": {
        "max": 0.07654573768377304,
        "argmax": 27,
        "mean": 0.03358800336718559
      },
      "layer_5": {
        "max": 0.09932218492031097,
        "argmax": 0,
        "mean": 0.0381150059401989
      },
      "layer_6": {
        "max": 0.18000000715255737,
        "argmax": 0,
        "mean": 0.03030303120613098
      }
    },
    "mem_b": {
      "layer_0": {
        "max": 0.13500000536441803,
        "argmax": 27,
        "mean": 0.03030303120613098
      },
      "layer_1": {
        "max": 0.13498477637767792,
        "argmax": 27,
        "mean": 0.030274542048573494
      },
      "layer_2": {
        "max": 0.1335003823041916,
        "argmax": 27,
        "mean": 0.03016863763332367
      },
      "layer_3": {
        "max": 0.13177728652954102,
        "argmax": 27,
        "mean": 0.030157579109072685
      },
      "layer_4": {
        "max": 0.12015847861766815,
        "argmax": 27,
        "mean": 0.029781224206089973
      },
      "layer_5": {
        "max": 0.113007090985775,
        "argmax": 0,
        "mean": 0.03209203854203224
      },
      "layer_6": {
        "max": 0.18250000476837158,
        "argmax": 0,
        "mean": 0.03030303306877613
      }
    },
    "branch": {
      "layer_0": {
        "max": 0.125,
        "argmax": 31,
        "mean": 0.03030303120613098
      },
      "layer_1": {
        "max": 0.12499861419200897,
        "argmax": 31,
        "mean": 0.030347542837262154
      },
      "layer_2": {
        "max": 0.12467394769191742,
        "argmax": 31,
        "mean": 0.030317002907395363
      },
      "layer_3": {
        "max": 0.12306179851293564,
        "argmax": 31,
        "mean": 0.030405940487980843
      },
      "layer_4": {
        "max": 0.10750535875558853,
        "argmax": 31,
        "mean": 0.029934247955679893
      },
      "layer_5": {
        "max": 0.2804330885410309,
        "argmax": 0,
        "mean": 0.03290518745779991
      },
      "layer_6": {
        "max": 0.4449999928474426,
        "argmax": 0,
        "mean": 0.03030303120613098
      }
    }
  },
  "1": {
    "mem_a": {
      "layer_0": {
        "max": 0.12999999523162842,
        "argmax": 31,
        "mean": 0.030303029343485832
      },
      "layer_1": {
        "max": 0.13003531098365784,
        "argmax": 31,
        "mean": 0.030301474034786224
      },
      "layer_2": {
        "max": 0.11551932245492935,
        "argmax": 31,
        "mean": 0.02939869649708271
      },
      "layer_3": {
        "max": 0.061704378575086594,
        "argmax": 26,
        "mean": 0.02512538805603981
      },
      "layer_4": {
        "max": 0.06724363565444946,
        "argmax": 28,
        "mean": 0.031762391328811646
      },
      "layer_5": {
        "max": 0.09570802748203278,
        "argmax": 31,
        "mean": 0.03204353153705597
      },
      "layer_6": {
        "max": 0.18000000715255737,
        "argmax": 0,
        "mean": 0.03030303120613098
      }
    },
    "mem_b": {
      "layer_0": {
        "max": 0.13500000536441803,
        "argmax": 27,
        "mean": 0.03030303120613098
      },
      "layer_1": {
        "max": 0.1349993199110031,
        "argmax": 27,
        "mean": 0.030258890241384506
      },
      "layer_2": {
        "max": 0.1350056678056717,
        "argmax": 27,
        "mean": 0.030303282663226128
      },
      "layer_3": {
        "max": 0.13183197379112244,
        "argmax": 27,
        "mean": 0.02970454841852188
      },
      "layer_4": {
        "max": 0.13294677436351776,
        "argmax": 27,
        "mean": 0.030188987031579018
      },
      "layer_5": {
        "max": 0.13095605373382568,
        "argmax": 0,
        "mean": 0.030764710158109665
      },
      "layer_6": {
        "max": 0.18250000476837158,
        "argmax": 0,
        "mean": 0.03030303306877613
      }
    },
    "branch": {
      "layer_0": {
        "max": 0.125,
        "argmax": 31,
        "mean": 0.03030303120613098
      },
      "layer_1": {
        "max": 0.12495731562376022,
        "argmax": 31,
        "mean": 0.03032923862338066
      },
      "layer_2": {
        "max": 0.12497391551733017,
        "argmax": 31,
        "mean": 0.030360983684659004
      },
      "layer_3": {
        "max": 0.11804598569869995,
        "argmax": 31,
        "mean": 0.0294186994433403
      },
      "layer_4": {
        "max": 0.11909015476703644,
        "argmax": 31,
        "mean": 0.02994064800441265
      },
      "layer_5": {
        "max": 0.29397299885749817,
        "argmax": 0,
        "mean": 0.02984689548611641
      },
      "layer_6": {
        "max": 0.4449999928474426,
        "argmax": 0,
        "mean": 0.03030303120613098
      }
    }
  },
  "2": {
    "mem_a": {
      "layer_0": {
        "max": 0.12999999523162842,
        "argmax": 31,
        "mean": 0.030303029343485832
      },
      "layer_1": {
        "max": 0.13003915548324585,
        "argmax": 31,
        "mean": 0.03033500351011753
      },
      "layer_2": {
        "max": 0.06988731026649475,
        "argmax": 31,
        "mean": 0.02412896789610386
      },
      "layer_3": {
        "max": 0.057129960507154465,
        "argmax": 27,
        "mean": 0.019992301240563393
      },
      "layer_4": {
        "max": 0.09128496795892715,
        "argmax": 28,
        "mean": 0.02747664414346218
      },
      "layer_5": {
        "max": 0.0984782800078392,
        "argmax": 0,
        "mean": 0.032486677169799805
      },
      "layer_6": {
        "max": 0.18000000715255737,
        "argmax": 0,
        "mean": 0.03030303120613098
      }
    },
    "mem_b": {
      "layer_0": {
        "max": 0.13500000536441803,
        "argmax": 27,
        "mean": 0.03030303120613098
      },
      "layer_1": {
        "max": 0.1350129097700119,
        "argmax": 27,
        "mean": 0.03031853400170803
      },
      "layer_2": {
        "max": 0.13488666713237762,
        "argmax": 27,
        "mean": 0.0302811861038208
      },
      "layer_3": {
        "max": 0.13224191963672638,
        "argmax": 27,
        "mean": 0.030917009338736534
      },
      "layer_4": {
        "max": 0.13007284700870514,
        "argmax": 27,
        "mean": 0.03116442635655403
      },
      "layer_5": {
        "max": 0.12561756372451782,
        "argmax": 0,
        "mean": 0.03186386823654175
      },
      "layer_6": {
        "max": 0.18250000476837158,
        "argmax": 0,
        "mean": 0.03030303306877613
      }
    },
    "branch": {
      "layer_0": {
        "max": 0.125,
        "argmax": 31,
        "mean": 0.03030303120613098
      },
      "layer_1": {
        "max": 0.1249983087182045,
        "argmax": 31,
        "mean": 0.030343925580382347
      },
      "layer_2": {
        "max": 0.1247486099600792,
        "argmax": 31,
        "mean": 0.030360301956534386
      },
      "layer_3": {
        "max": 0.12174047529697418,
        "argmax": 31,
        "mean": 0.031037595123052597
      },
      "layer_4": {
        "max": 0.11912637948989868,
        "argmax": 31,
        "mean": 0.031371910125017166
      },
      "layer_5": {
        "max": 0.27567946910858154,
        "argmax": 0,
        "mean": 0.03163690119981766
      },
      "layer_6": {
        "max": 0.4449999928474426,
        "argmax": 0,
        "mean": 0.03030303120613098
      }
    }
  },
  "3": {
    "mem_a": {
      "layer_0": {
        "max": 0.12999999523162842,
        "argmax": 31,