{
  "targets": [
    "pc",
    "mem_a",
    "mem_b",
    "delta",
    "branch_taken"
  ],
  "n_seeds": 5,
  "seeds": [
    0,
    1,
    2,
    3,
    4
  ],
  "probe_means": {
    "pc": {
      "0": {
        "mean": 0.9990124464035034,
        "std": 0.0019623763632244675,
        "n": 5
      },
      "1": {
        "mean": 0.9976069808006287,
        "std": 0.0004491075519746066,
        "n": 5
      },
      "2": {
        "mean": 0.9980404496192932,
        "std": 0.000614206486261633,
        "n": 5
      },
      "3": {
        "mean": 0.9953521370887757,
        "std": 0.004581899565968323,
        "n": 5
      },
      "4": {
        "mean": 0.9969178318977356,
        "std": 0.0006462377955074924,
        "n": 5
      },
      "5": {
        "mean": 0.9955185174942016,
        "std": 0.0009202447453093807,
        "n": 5
      },
      "6": {
        "mean": 0.9922544717788696,
        "std": 0.0026848235658220474,
        "n": 5
      }
    },
    "mem_a": {
      "0": {
        "mean": 0.0008107781410217285,
        "std": 0.005575577894988743,
        "n": 5
      },
      "1": {
        "mean": 0.05512558221817017,
        "std": 0.008302738990061561,
        "n": 5
      },
      "2": {
        "mean": 0.15001364946365356,
        "std": 0.06255325364549737,
        "n": 5
      },
      "3": {
        "mean": 0.7180817604064942,
        "std": 0.2709769503038475,
        "n": 5
      },
      "4": {
        "mean": 0.9589605569839478,
        "std": 0.010219807784697858,
        "n": 5
      },
      "5": {
        "mean": 0.9697422623634339,
        "std": 0.004775844237251267,
        "n": 5
      },
      "6": {
        "mean": 0.9637431502342224,
        "std": 0.006840360046941517,
        "n": 5
      }
    },
    "mem_b": {
      "0": {
        "mean": 0.0011649012565612793,
        "std": 0.004673553611391593,
        "n": 5
      },
      "1": {
        "mean": 0.06735478639602661,
        "std": 0.010942771279657067,
        "n": 5
      },
      "2": {
        "mean": 0.2673129439353943,
        "std": 0.06531324638650687,
        "n": 5
      },
      "3": {
        "mean": 0.9719263195991517,
        "std": 0.00542307830810964,
        "n": 5
      },
      "4": {
        "mean": 0.9734907984733582,
        "std": 0.004872083077606864,
        "n": 5
      },
      "5": {
        "mean": 0.9703442215919494,
        "std": 0.004453906414905829,
        "n": 5
      },
      "6": {
        "mean": 0.9632070541381836,
        "std": 0.003387075059740153,
        "n": 5
      }
    },
    "delta": {
      "0": {
        "mean": 9.105205535888671e-05,
        "std": 0.0005561996938666121,
        "n": 5
      },
      "1": {
        "mean": 0.05052391290664673,
        "std": 0.013140148928665885,
        "n": 5
      },
      "2": {
        "mean": 0.1659165143966675,
        "std": 0.05031830821943339,
        "n": 5
      },
      "3": {
        "mean": 0.8442832589149475,
        "std": 0.13803433616139238,
        "n": 5
      },
      "4": {
        "mean": 0.964577054977417,
        "std": 0.00841582188984831,
        "n": 5
      },
      "5": {
        "mean": 0.972504484653473,
        "std": 0.003942605312396763,
        "n": 5
      },
      "6": {
        "mean": 0.9726973891258239,
        "std": 0.0026188576270170325,
        "n": 5
      }
    },
    "branch_taken": {
      "0": {
        "mean": 0.5102000117301941,
        "std": 0.0014697041241379131,
        "n": 5
      },
      "1": {
        "mean": 0.5732000231742859,
        "std": 0.005075421572345756,
        "n": 5
      },
      "2": {
        "mean": 0.6336000442504883,
        "std": 0.02762317958651115,
        "n": 5
      },
      "3": {
        "mean": 0.9014000415802002,
        "std": 0.05320374920727461,
        "n": 5
      },
      "4": {
        "mean": 0.9818000435829163,
        "std": 0.009495253724501919,
        "n": 5
      },
      "5": {
        "mean": 0.9970000505447387,
        "std": 0.0014142122137744287,
        "n": 5
      },
      "6": {
        "mean": 1.0,
        "std": 0.0,
        "n": 5
      }
    }
  }
}