{
  "0": {
    "mem_a": {
      "layer_0": {
        "max": 0.12999999523162842,
        "argmax": 31,
        "mean": 0.030303029343485832
      },
      "layer_1": {
        "max": 0.12569408118724823,
        "argmax": 31,
        "mean": 0.029065433889627457
      },
      "layer_2": {
        "max": 0.06243942305445671,
        "argmax": 31,
        "mean": 0.016899239271879196
      },
      "layer_3": {
        "max": 0.04381977394223213,
        "argmax": 31,
        "mean": 0.016675787046551704
      },
      "layer_4": {
        "max": 0.036341261118650436,
        "argmax": 31,
        "mean": 0.02041287161409855
      },
      "layer_5": {
        "max": 0.039223164319992065,
        "argmax": 31,
        "mean": 0.024998126551508904
      },
      "layer_6": {
        "max": 0.045465998351573944,
        "argmax": 31,
        "mean": 0.030303027480840683
      }
    },
    "mem_b": {
      "layer_0": {
        "max": 0.13500000536441803,
        "argmax": 27,
        "mean": 0.03030303120613098
      },
      "layer_1": {
        "max": 0.12877540290355682,
        "argmax": 27,
        "mean": 0.028328638523817062
      },
      "layer_2": {
        "max": 0.10356033593416214,
        "argmax": 27,
        "mean": 0.024608826264739037
      },
      "layer_3": {
        "max": 0.08272424340248108,
        "argmax": 27,
        "mean": 0.021773220971226692
      },
      "layer_4": {
        "max": 0.058329228311777115,
        "argmax": 27,
        "mean": 0.020045677199959755
      },
      "layer_5": {
        "max": 0.039142731577157974,
        "argmax": 27,
        "mean": 0.02224794216454029
      },
      "layer_6": {
        "max": 0.053051386028528214,
        "argmax": 0,
        "mean": 0.03030303306877613
      }
    },
    "branch": {
      "layer_0": {
        "max": 0.125,
        "argmax": 31,
        "mean": 0.03030303120613098
      },
      "layer_1": {
        "max": 0.11925190687179565,
        "argmax": 31,
        "mean": 0.028648506850004196
      },
      "layer_2": {
        "max": 0.11200407147407532,
        "argmax": 31,
        "mean": 0.026981953531503677
      },
      "layer_3": {
        "max": 0.08886970579624176,
        "argmax": 31,
        "mean": 0.022570965811610222
      },
      "layer_4": {
        "max": 0.05466509982943535,
        "argmax": 31,
        "mean": 0.019423464313149452
      },
      "layer_5": {
        "max": 0.05922975391149521,
        "argmax": 0,
        "mean": 0.0234086737036705
      },
      "layer_6": {
        "max": 0.09849636256694794,
        "argmax": 0,
        "mean": 0.03030303120613098
      }
    }
  },
  "1": {
    "mem_a": {
      "layer_0": {
        "max": 0.12999999523162842,
        "argmax": 31,
        "mean": 0.030303029343485832
      },
      "layer_1": {
        "max": 0.12611497938632965,
        "argmax": 31,
        "mean": 0.02911691926419735
      },
      "layer_2": {
        "max": 0.07731526345014572,
        "argmax": 31,
        "mean": 0.021213795989751816
      },
      "layer_3": {
        "max": 0.05003896728157997,
        "argmax": 31,
        "mean": 0.021382266655564308
      },
      "layer_4": {
        "max": 0.03253669664263725,
        "argmax": 31,
        "mean": 0.019810227677226067
      },
      "layer_5": {
        "max": 0.03728145360946655,
        "argmax": 31,
        "mean": 0.021537022665143013
      },
      "layer_6": {
        "max": 0.044475339353084564,
        "argmax": 31,
        "mean": 0.03030303120613098
      }
    },
    "mem_b": {
      "layer_0": {
        "max": 0.13500000536441803,
        "argmax": 27,
        "mean": 0.03030303120613098
      },
      "layer_1": {
        "max": 0.12731331586837769,
        "argmax": 27,
        "mean": 0.02823522500693798
      },
      "layer_2": {
        "max": 0.115188829600811,
        "argmax": 27,
        "mean": 0.026180164888501167
      },
      "layer_3": {
        "max": 0.08145972341299057,
        "argmax": 27,
        "mean": 0.020864179357886314
      },
      "layer_4": {
        "max": 0.07380634546279907,
        "argmax": 27,
        "mean": 0.020846830680966377
      },
      "layer_5": {
        "max": 0.04149869829416275,
        "argmax": 27,
        "mean": 0.021206112578511238
      },
      "layer_6": {
        "max": 0.052586980164051056,
        "argmax": 0,
        "mean": 0.03030303120613098
      }
    },
    "branch": {
      "layer_0": {
        "max": 0.125,
        "argmax": 31,
        "mean": 0.03030303120613098
      },
      "layer_1": {
        "max": 0.11892876774072647,
        "argmax": 31,
        "mean": 0.02845601551234722
      },
      "layer_2": {
        "max": 0.11266708374023438,
        "argmax": 31,
        "mean": 0.02734203450381756
      },
      "layer_3": {
        "max": 0.07623455673456192,
        "argmax": 31,
        "mean": 0.021147696301341057
      },
      "layer_4": {
        "max": 0.07065317034721375,
        "argmax": 31,
        "mean": 0.020536767318844795
      },
      "layer_5": {
        "max": 0.03883664682507515,
        "argmax": 0,
        "mean": 0.021641824394464493
      },
      "layer_6": {
        "max": 0.08973021805286407,
        "argmax": 0,
        "mean": 0.03030303679406643
      }
    }
  },
  "2": {
    "mem_a": {
      "layer_0": {
        "max": 0.12999999523162842,
        "argmax": 31,
        "mean": 0.030303029343485832
      },
      "layer_1": {
        "max": 0.1259719729423523,
        "argmax": 31,
        "mean": 0.02901628240942955
      },
      "layer_2": {
        "max": 0.04798159748315811,
        "argmax": 31,
        "mean": 0.019327159970998764
      },
      "layer_3": {
        "max": 0.03728465363383293,
        "argmax": 31,
        "mean": 0.01894175074994564
      },
      "layer_4": {
        "max": 0.03767086938023567,
        "argmax": 31,
        "mean": 0.020215969532728195
      },
      "layer_5": {
        "max": 0.035684939473867416,
        "argmax": 31,
        "mean": 0.022850703448057175
      },
      "layer_6": {
        "max": 0.041463326662778854,
        "argmax": 31,
        "mean": 0.03030303120613098
      }
    },
    "mem_b": {
      "layer_0": {
        "max": 0.13500000536441803,
        "argmax": 27,
        "mean": 0.03030303120613098
      },
      "layer_1": {
        "max": 0.12895776331424713,
        "argmax": 27,
        "mean": 0.02836206555366516
      },
      "layer_2": {
        "max": 0.12558026611804962,
        "argmax": 27,
        "mean": 0.027769865468144417
      },
      "layer_3": {
        "max": 0.05397086590528488,
        "argmax": 28,
        "mean": 0.019891470670700073
      },
      "layer_4": {
        "max": 0.03858352452516556,
        "argmax": 27,
        "mean": 0.018420083448290825
      },
      "layer_5": {
        "max": 0.03516475111246109,
        "argmax": 27,
        "mean": 0.020533420145511627
      },
      "layer_6": {
        "max": 0.04895815998315811,
        "argmax": 0,
        "mean": 0.03030303120613098
      }
    },
    "branch": {
      "layer_0": {
        "max": 0.125,
        "argmax": 31,
        "mean": 0.03030303120613098
      },
      "layer_1": {
        "max": 0.11912722885608673,
        "argmax": 31,
        "mean": 0.028510378673672676
      },
      "layer_2": {
        "max": 0.11496919393539429,
        "argmax": 31,
        "mean": 0.02797953598201275
      },
      "layer_3": {
        "max": 0.051395367830991745,
        "argmax": 28,
        "mean": 0.019172601401805878
      },
      "layer_4": {
        "max": 0.03905956819653511,
        "argmax": 25,
        "mean": 0.018370801582932472
      },
      "layer_5": {
        "max": 0.04038110375404358,
        "argmax": 0,
        "mean": 0.021410519257187843
      },
      "layer_6": {
        "max": 0.08356939256191254,
        "argmax": 0,
        "mean": 0.030303029343485832
      }
    }
  },
  "3": {
    "mem_a": {
      "layer_0": {
        "max": 0.12999999523162842,